,test_sets,recall,precision
0,pfeifer,0.5258031334679324,0.5265211441209969
0,palmyra,0.0,0.0
0,penguins,0.4328655090778968,0.16403068628331183
0,terns,0.0,0.0
