,test_sets,recall,precision
0,penguins,0.5026215699721539,0.21313796974442356
0,pfeifer,0.642982241417263,0.6410197956274946
0,palmyra,0.0,0.0
0,terns,0.9216037709648051,0.747779095849781
