,test_sets,recall,precision
0,pfeifer,0.5949891413007131,0.6466785377627345
0,palmyra,0.07226045088188393,0.11334987933308092
0,penguins,0.9286044784258228,0.6247367556547905
0,terns,0.14047619047619045,0.020233121205471435
0,hayes,0.25,0.024232464103268063
