,test_sets,recall,precision
0,penguins,0.4678480151081464,0.2154818049375948
0,pfeifer,0.7555069611074869,0.57041653670549
0,palmyra,0.0,0.0
0,terns,0.9049915401016391,0.7442238863326512
