,test_sets,recall,precision
0,penguins,0.47591925995510564,0.22957083722920946
0,pfeifer,0.31138575242135996,0.5151105867272308
0,palmyra,0.036923076923076927,0.01819291819291819
0,terns,0.8659497649295052,0.7491400257370113
