,test_sets,recall,precision
0,pfeifer,0.5535158735929868,0.7209457749510132
0,palmyra,0.7701649958228906,0.49255715045188725
0,penguins,0.46116009093718197,0.20165185901141133
0,terns,0.44001156312535894,0.17094453507105484
0,hayes,0.275,0.027579038506010883
