,test_sets,recall,precision
0,terns,0.9102237255773337,0.6646209045712225
0,palmyra,0.011224489795918368,0.0036341917719468733
