,test_sets,recall,precision
0,pfeifer,0.5045540691902451,0.5952218257113866
0,palmyra,0.8524535740222015,0.26479886545335773
0,penguins,0.45424434362015004,0.21989944750574483
0,terns,0.873311897971891,0.6048796762176295
0,hayes,0.15229885057471262,0.020333267049361333
