,test_sets,recall,precision
0,pfeifer,0.8963342193662072,0.619309014373833
0,palmyra,0.37284703160647603,0.16420725432867792
0,penguins,0.4667853245505126,0.25248126290977585
0,terns,0.0,0.0
