,test_sets,recall,precision
0,pfeifer,0.5083891557902145,0.5958966230484108
0,palmyra,0.3215197359415383,0.1911604269767934
0,penguins,0.9219963908599139,0.8079471199673973
0,terns,0.12326388888888888,0.09901683964183965
0,hayes,0.19523809523809524,0.018386681084249686
