,test_sets,recall,precision
0,pfeifer,0.48403682362854816,0.45214381950704113
0,palmyra,0.0,0.0
0,penguins,0.05942089020005004,0.31083592681337047
0,terns,0.0,0.0
