,proportion,pretrained,annotations,precision,recall
0,0,True,0,0.05208333333333333,0.0026664578498930913
0,0,False,0,0.0,0.0
0,1,True,886,0.3825047998991466,0.5820710338990441
0,1,False,886,0.1504152858498177,0.5790687009706486
0,0,True,0,0.05208333333333333,0.0026664578498930913
0,0,False,0,0.0,0.0
0,1,True,886,0.3825047998991466,0.5820710338990441
0,1,False,886,0.1504152858498177,0.5790687009706486
