,proportion,pretrained,annotations,precision,recall
0,0,True,886,0.046764978578822045,0.007086976057176004
0,0,False,886,0.0,0.0
0,0,True,886,0.046764978578822045,0.007086976057176004
0,0,False,886,0.0,0.0
0,0,True,886,0.046764978578822045,0.007086976057176004
0,0,False,886,0.0,0.0
0,0,True,886,0.046764978578822045,0.007086976057176004
0,0,False,886,0.0,0.0
0,0,True,886,0.046764978578822045,0.007086976057176004
0,0,False,886,0.0,0.0
