,proportion,pretrained,annotations,precision,recall
0,0,True,0,0.046764978578822045,0.007086976057176004
0,0,False,0,0.0,0.0
0,1,True,886,0.3496438482080033,0.6441396616664412
0,1,False,886,0.1815423677056892,0.36927938947855643
0,0,True,0,0.05208333333333333,0.0026664578498930913
0,0,False,0,0.0,0.0
0,1,True,886,0.41649127726953983,0.551763377975568
0,1,False,886,0.17682036644240315,0.391556503273081
